antecedents,consequents,antecedent support,consequent support,support,confidence,lift,representativity,leverage,conviction,zhangs_metric,jaccard,certainty,kulczynski
frozenset({22632}),frozenset({22865}),0.019371897258795595,0.030865529894236996,0.010144614720483489,0.5236768802228413,16.966398504002964,1.0,0.009546690846534046,2.0346156419179473,0.9596502175895736,0.253028263795424,0.5085066784125665,0.42617410444708503
frozenset({22745}),frozenset({22748}),0.01705158644506799,0.018670407943017484,0.013706022015972373,0.8037974683544304,43.05194995244019,1.0,0.013387661940967325,5.001615340161397,0.993716694504096,0.6225490196078433,0.8000645927386069,0.7689507572986025
frozenset({22748}),frozenset({22745}),0.018670407943017484,0.01705158644506799,0.013706022015972373,0.7341040462427746,43.05194995244019,1.0,0.013387661940967325,3.696740772717462,0.9953559500212589,0.6225490196078433,0.7294914462544521,0.7689507572986025
frozenset({22726}),frozenset({22727}),0.04257500539607166,0.047323548456723506,0.028599179797107705,0.6717363751584283,14.194547895594063,1.0,0.026584379466201444,2.9021688041221814,0.9708858874985511,0.4665492957746479,0.6554301050374395,0.6380346642040716
frozenset({22727}),frozenset({22726}),0.047323548456723506,0.04257500539607166,0.028599179797107705,0.6043329532497149,14.194547895594065,1.0,0.026584379466201444,2.419774409993214,0.9757251941029053,0.4665492957746479,0.5867383356604698,0.6380346642040716
frozenset({22728}),frozenset({22727}),0.03307791927476797,0.047323548456723506,0.021368443772933305,0.6460032626427407,13.650778179356065,1.0,0.019803079257286235,2.691201220258196,0.9584475538351314,0.36197440585009133,0.628418717830375,0.5487713006486223
frozenset({22728}),frozenset({22726}),0.03307791927476797,0.04257500539607166,0.018508525793222534,0.5595432300163132,13.142528692854647,1.0,0.017100233201608465,2.1737093396007707,0.9555176785980711,0.323890462700661,0.5399568922201611,0.4971353665924405
"frozenset({22728, 22726})",frozenset({22727}),0.018508525793222534,0.047323548456723506,0.014407511331750486,0.7784256559766763,16.4490128353019,1.0,0.013531622214512403,4.299579248412418,0.9569172049699544,0.2801678908709339,0.7674191026088795,0.5414363171559551
"frozenset({22728, 22727})",frozenset({22726}),0.021368443772933305,0.04257500539607166,0.014407511331750486,0.6742424242424242,15.83657871490571,1.0,0.013497749722812197,2.9390720764585705,0.9573113008827189,0.2908496732026144,0.6597565578572172,0.5063227330337596
"frozenset({22726, 22727})",frozenset({22728}),0.028599179797107705,0.03307791927476797,0.014407511331750486,0.5037735849056604,15.229905506479115,1.0,0.013461509971097182,1.9485502007010378,0.9618477680590629,0.30479452054794526,0.48679792820311946,0.4696681953892087
frozenset({21791}),frozenset({21790}),0.026170947550183465,0.03895963738398446,0.013490179149579106,0.5154639175257733,13.230716509124141,1.0,0.01247056852302868,1.9834237271011388,0.9492613730813985,0.26123301985370945,0.49582129812395453,0.43086215266870376
frozenset({22661}),frozenset({20724}),0.018508525793222534,0.039876969566155836,0.010198575437081804,0.5510204081632653,13.81801110159896,1.0,0.00946051151731106,2.1384558405117438,0.9451235280582688,0.2116461366181411,0.5323728547227354,0.4033857115241225
frozenset({'82494L'}),frozenset({82482}),0.04376214116123462,0.04726958774012519,0.025253615368012086,0.5770653514180024,12.207962434336096,1.0,0.02318499699669536,2.2526657852558554,0.9601023846833903,0.38392124692370794,0.556081507276757,0.555655963380234
frozenset({82482}),frozenset({'82494L'}),0.04726958774012519,0.04376214116123462,0.025253615368012086,0.5342465753424657,12.207962434336096,1.0,0.02318499699669536,2.053098932212643,0.9636369709432692,0.38392124692370794,0.5129314109952359,0.555655963380234
frozenset({82483}),frozenset({82486}),0.02746600474854306,0.03016404057845888,0.0147852363479387,0.5383104125736738,17.84609761326534,1.0,0.013956750666175504,2.1006234184917636,0.9706245183060899,0.345088161209068,0.523950846592963,0.5142357071812913
frozenset({21733}),frozenset({'85123A'}),0.036639326570256855,0.1067342974314699,0.024660047485430606,0.6730486008836524,6.305832493213269,1.0,0.020749374705592055,2.732105459657801,0.8734181078369043,0.20772727272727268,0.6339819180606406,0.4520450284499152
frozenset({22114}),frozenset({22112}),0.027735808331534644,0.0377725016188215,0.014029786315562271,0.5058365758754864,13.39166203446359,1.0,0.012982135450460057,1.947184780188684,0.9517234901850288,0.2725366876310273,0.4864380565345734,0.4386325736520289
frozenset({22386}),frozenset({'85099B'}),0.04699978415713361,0.08633714655730629,0.02946255126268077,0.6268656716417911,7.260671641791045,1.0,0.025404724009744563,2.4486164472264194,0.9047969564361614,0.28363636363636363,0.5916061083667418,0.48405783582089557
"frozenset({22386, 23203})",frozenset({'85099B'}),0.014299589898553853,0.08633714655730629,0.010360457586876754,0.7245283018867925,8.391849056603773,1.0,0.009125871798095934,3.316721317291971,0.893615080016788,0.11476389719067542,0.6984974303429033,0.42226415094339625
frozenset({21931}),frozenset({'85099B'}),0.041765594647096914,0.08633714655730629,0.02341895100366933,0.5607235142118863,6.494580103359172,1.0,0.019813028737569877,2.079926613425426,0.8829003141571036,0.22371134020618555,0.5192138061289083,0.41598675710594313
"frozenset({'85099B', 21931})",frozenset({22386}),0.02341895100366933,0.04699978415713361,0.011871357651629614,0.5069124423963134,10.785420645796188,1.0,0.010770672009270668,1.9327200639056263,0.929039371502627,0.20276497695852533,0.48259449535634896,0.37974784002708895
"frozenset({22386, 21931})",frozenset({'85099B'}),0.015162961364126915,0.08633714655730629,0.011871357651629614,0.7829181494661922,9.068149466192171,1.0,0.010562230834092216,4.208840357662245,0.9034224774732145,0.1324503311258278,0.7624048633302312,0.4602090747330961
"frozenset({21931, 22411})",frozenset({'85099B'}),0.013652061299374055,0.08633714655730629,0.010090654003885171,0.7391304347826086,8.560978260869565,1.0,0.008911973986671784,3.5023742715303254,0.895415182321082,0.11224489795918366,0.7144794009798785,0.4280027173913043
frozenset({21977}),frozenset({21212}),0.036099719404273686,0.0555255773796676,0.018076840060436004,0.5007473841554559,9.018319264498455,1.0,0.01607238229726972,1.8917766129730613,0.9224134603253119,0.2457813646368305,0.47139636194760376,0.413153089551003
frozenset({84991}),frozenset({21212}),0.03545219080509389,0.0555255773796676,0.01780703647744442,0.502283105022831,9.04597716451225,1.0,0.015838533113617437,1.8976137482004842,0.9221457088366178,0.24336283185840704,0.47302236772456746,0.4114914067388208
frozenset({'85099C'}),frozenset({'85099B'}),0.03502050507230736,0.08633714655730629,0.019533779408590544,0.5577812018489984,6.460500770416023,1.0,0.016510208929651854,2.066087776600377,0.8758872511719052,0.19183889772125065,0.5159934581068768,0.39201560092449916
frozenset({21929}),frozenset({'85099B'}),0.032484351392186486,0.08633714655730629,0.017860997194042737,0.5498338870431894,6.3684509966777405,1.0,0.015056390987076496,2.029612685507386,0.87127887403683,0.17691074291822553,0.5072951567850452,0.37835444352159464
frozenset({21975}),frozenset({21212}),0.028545219080509387,0.0555255773796676,0.014407511331750486,0.504725897920605,9.089971176156123,1.0,0.012822521560876097,1.9069731662830378,0.9161400690396794,0.20681642137877618,0.4756087722255985,0.38210055828974854
frozenset({20723}),frozenset({20724}),0.02654867256637168,0.039876969566155836,0.015972372113101662,0.6016260162601627,15.087054578258911,1.0,0.014913691505150622,2.410104749864548,0.9591830466830468,0.3165775401069519,0.5850802750145189,0.5010836441246687
frozenset({'84997B'}),frozenset({'84997D'}),0.017591193611051156,0.022879343837686163,0.010360457586876754,0.5889570552147239,25.741868271790715,1.0,0.009957982619734206,2.3771741336486136,0.9783633600644476,0.3440860215053763,0.5793324578771406,0.5208936219469846
frozenset({21094}),frozenset({21080}),0.017537232894452838,0.03949924454996762,0.012357004101014462,0.7046153846153846,17.83870533837747,1.0,0.011664296650186732,3.2516952658464637,0.9607917488426999,0.2765700483091788,0.6924681071737252,0.5087284573350147
frozenset({'84997C'}),frozenset({'84997D'}),0.01661990071228146,0.022879343837686163,0.012303043384416144,0.7402597402597402,32.35493751531487,1.0,0.011922790961471651,3.7619145262249067,0.9854712505583537,0.4523809523809524,0.7341779051520602,0.638997794658172
frozenset({'84997D'}),frozenset({'84997C'}),0.022879343837686163,0.01661990071228146,0.012303043384416144,0.5377358490566038,32.35493751531487,1.0,0.011922790961471651,2.1273120515203705,0.991784187661555,0.4523809523809524,0.5299232196398694,0.638997794658172
frozenset({22411}),frozenset({'85099B'}),0.042628966112669975,0.08633714655730629,0.021368443772933305,0.5012658227848101,5.805911392405063,1.0,0.017687980478077275,1.8319635893901727,0.8646195923842187,0.19859578736208625,0.4541376227172278,0.3743829113924051
"frozenset({22386, 22411})",frozenset({'85099B'}),0.013166414849989207,0.08633714655730629,0.010144614720483489,0.7704918032786886,8.92422131147541,1.0,0.009007864031945676,3.9809595757145955,0.8997924461569963,0.11352657004830918,0.748804281736396,0.4439959016393443
frozenset({22470}),frozenset({22469}),0.04322253399525146,0.05185624865098209,0.021962011655514785,0.5081148564294632,9.798527075287005,1.0,0.019720653185331498,1.9275714335801102,0.9385085630644255,0.3003690036900369,0.48121248189350696,0.46581601302222375
frozenset({22662}),frozenset({22382}),0.03226850852579322,0.053313187999136626,0.01921001510900065,0.5953177257525084,11.166425195997457,1.0,0.017489678047513293,2.3393335271756874,0.9408041721017014,0.28943089430894314,0.5725278211152237,0.4778208061960923
frozenset({22662}),frozenset({20725}),0.03226850852579322,0.06955536369522987,0.016673861428879777,0.5167224080267558,7.42893690112633,1.0,0.014429413582465604,1.9252799048797666,0.8942472633384618,0.1958174904942966,0.48059500467156757,0.37822156087916536
frozenset({22662}),frozenset({22383}),0.03226850852579322,0.056281027412044035,0.01618821497949493,0.5016722408026756,8.913700830829514,1.0,0.014372110166608984,1.893771629555697,0.9174168246533586,0.2237136465324385,0.4719532258308184,0.39465203602933396
"frozenset({22662, 22382})",frozenset({20725}),0.01921001510900065,0.06955536369522987,0.011547593352039715,0.6011235955056179,8.642375850977588,1.0,0.010211433764542314,2.3326640177781557,0.9016110388969331,0.1495457721872816,0.5713056006443259,0.38357188309027984
"frozenset({20725, 22662})",frozenset({22382}),0.016673861428879777,0.053313187999136626,0.011547593352039715,0.6925566343042071,12.990343670977294,1.0,0.010658656643010295,3.0792234200870188,0.9386710129593853,0.1975992613111727,0.6752427922324195,0.45457791229380395
"frozenset({22662, 22382})",frozenset({20726}),0.01921001510900065,0.04424778761061947,0.010090654003885171,0.5252808988764044,11.87134831460674,1.0,0.009240653335345319,2.013300518406032,0.9336999604579348,0.18907987866531847,0.5033031627132749,0.3766648396821046
"frozenset({22662, 20726})",frozenset({22382}),0.013652061299374055,0.053313187999136626,0.010090654003885171,0.7391304347826086,13.863932406266501,1.0,0.009362819093255904,3.6289661126699757,0.9407130651374286,0.1774193548387097,0.7244394218759292,0.4642008449216687
"frozenset({22662, 22382})",frozenset({22383}),0.01921001510900065,0.056281027412044035,0.011061946902654867,0.5758426966292134,10.231559783252715,1.0,0.009980787515719422,2.2249268492802137,0.9199351597389214,0.17169179229480735,0.5505470212094793,0.3861955573270707
"frozenset({22662, 22383})",frozenset({22382}),0.01618821497949493,0.053313187999136626,0.011061946902654867,0.6833333333333332,12.817341430499324,1.0,0.010198901554082615,2.989537301055357,0.9371515106112009,0.18928901200369347,0.6655000759993919,0.4454116059379217
"frozenset({20725, 22662})",frozenset({22383}),0.016673861428879777,0.056281027412044035,0.010954025469458234,0.6569579288025889,11.672813362003428,1.0,0.010015603417314826,2.751029835185644,0.9298347862780456,0.1766753698868581,0.6364997619400524,0.42579440064290514
"frozenset({22662, 22383})",frozenset({20725}),0.01618821497949493,0.06955536369522987,0.010954025469458234,0.6766666666666665,9.728461339539693,1.0,0.009828048288982896,2.877663823622999,0.9119720212607293,0.14646464646464646,0.6524958920528136,0.41707654512542014
frozenset({22191}),frozenset({22193}),0.021098640189941724,0.022447658104899633,0.010792143319663286,0.5115089514066496,22.786740114105843,1.0,0.01031852825820118,2.001167359586305,0.97672234165702,0.3294892915980231,0.5002916696548925,0.49613909108794024
frozenset({22192}),frozenset({22193}),0.018238722210230953,0.022447658104899633,0.010144614720483489,0.5562130177514792,24.778220300409647,1.0,0.009735198120037985,2.2027512770702926,0.9774697761010761,0.33215547703180215,0.5460222811310672,0.5040680473372781
frozenset({22910}),frozenset({22086}),0.03761061946902655,0.0528815022663501,0.024336283185840708,0.6470588235294117,12.236014405762303,1.0,0.02234737712715055,2.6835024102453406,0.9541606137064504,0.36786296900489385,0.6273526730655798,0.5536314525810324
frozenset({21094}),frozenset({21086}),0.017537232894452838,0.01537880423052018,0.012734729117202677,0.7261538461538461,47.217835357624836,1.0,0.012465027445773848,3.5955268384840555,0.9962937983435316,0.6310160427807487,0.7218766414710953,0.7771120107962213
frozenset({21086}),frozenset({21094}),0.01537880423052018,0.017537232894452838,0.012734729117202677,0.8280701754385965,47.217835357624836,1.0,0.012465027445773848,5.714324257654714,0.9941097816868899,0.6310160427807487,0.8250011803827139,0.7771120107962213
frozenset({21086}),frozenset({21080}),0.01537880423052018,0.03949924454996762,0.010360457586876754,0.6736842105263159,17.05562266321542,1.0,0.00975300643768936,2.9434700570242933,0.9560715460075628,0.23272727272727273,0.6602649319929037,0.46798964624676453
frozenset({22866}),frozenset({22865}),0.025415497517807036,0.030865529894236996,0.015162961364126915,0.5966029723991507,19.329101895980877,1.0,0.014378498565714135,2.4024333443148125,0.9729936567279608,0.368766404199475,0.5837553610523977,0.543930856828946
frozenset({22866}),frozenset({22867}),0.025415497517807036,0.025577379667601985,0.012950571983595942,0.5095541401273885,19.922061866752667,1.0,0.012300510154141995,1.9868097583400843,0.9745736670173302,0.3404255319148936,0.49668054739399514,0.5079416270257195
frozenset({22867}),frozenset({22866}),0.025577379667601985,0.025415497517807036,0.012950571983595942,0.5063291139240507,19.92206186675267,1.0,0.012300510154141995,1.974158351181878,0.9747355742607154,0.3404255319148936,0.49345502127459756,0.5079416270257195
frozenset({22867}),frozenset({22865}),0.025577379667601985,0.030865529894236996,0.014407511331750486,0.5632911392405063,18.249845091617242,1.0,0.013618051955003867,2.2191774822711676,0.9700154682602002,0.3427471116816432,0.5493825942319078,0.5150371780118616
frozenset({22730}),frozenset({22727}),0.025253615368012086,0.047323548456723506,0.016943665011871358,0.670940170940171,14.17772320166847,1.0,0.01574857432129578,2.895146618975672,0.9535473306516673,0.3045586808923376,0.6545943499214528,0.5144894697346237
frozenset({22730}),frozenset({22726}),0.025253615368012086,0.04257500539607166,0.014839197064537017,0.5876068376068376,13.801685569746407,1.0,0.013764024253973583,2.321631593132842,0.951575811256945,0.28004073319755596,0.5692684390762507,0.46807464820772804
frozenset({22730}),frozenset({22728}),0.025253615368012086,0.03307791927476797,0.012626807684006043,0.5,15.115823817292005,1.0,0.011791470633466899,1.933844161450464,0.95803808680248,0.2762691853600944,0.48289525085105195,0.4408646003262643
"frozenset({22730, 22726})",frozenset({22727}),0.014839197064537017,0.047323548456723506,0.011601554068638031,0.7818181818181819,16.5207007359801,1.0,0.010899310607295544,4.366433736240018,0.9536208475627698,0.22945570971184628,0.7709801498416622,0.5134860578418161
"frozenset({22730, 22727})",frozenset({22726}),0.016943665011871358,0.04257500539607166,0.011601554068638031,0.6847133757961783,16.08252000032291,1.0,0.010880177439328377,3.0366812960165,0.9539846867524324,0.2421171171171171,0.6706931342081258,0.47860510361418546
frozenset({22729}),frozenset({22727}),0.019371897258795595,0.047323548456723506,0.01327433628318584,0.6852367688022285,14.479826453184605,1.0,0.012357589364560558,3.0266446557879325,0.9493286967756598,0.24848484848484845,0.6696011214637723,0.48286923958925565
frozenset({22729}),frozenset({22726}),0.019371897258795595,0.04257500539607166,0.011871357651629614,0.6128133704735377,14.393735591401267,1.0,0.011046599021304246,2.4727739069266934,0.9489074701230097,0.23706896551724138,0.595595862121152,0.44582366876021623
frozenset({22835}),frozenset({22112}),0.027250161882149796,0.0377725016188215,0.01554068638031513,0.5702970297029702,15.09820650636492,1.0,0.01451137959650848,2.2392851920852306,0.9599250815135322,0.3140676117775354,0.5534289229730509,0.4908628005657708
"frozenset({20725, 22382})",frozenset({22383}),0.025199654651413772,0.056281027412044035,0.014623354198143751,0.5802997858672376,10.31075324227387,1.0,0.01320509174393349,2.2485548989723236,0.9263577711891151,0.21872477804681195,0.5552699200464091,0.420063603384242
"frozenset({20725, 22383})",frozenset({22382}),0.028005611914526225,0.053313187999136626,0.014623354198143751,0.5221579961464354,9.794161927718362,1.0,0.013130285745113754,1.9811711912437422,0.9237690778062502,0.21925566343042074,0.4952480611368982,0.39822474706107197
"frozenset({22382, 22383})",frozenset({20725}),0.02412044031944744,0.06955536369522987,0.014623354198143751,0.6062639821029083,8.716279376517532,1.0,0.012945648199235498,2.3631179115240473,0.9071530809308647,0.18498293515358363,0.5768302567030735,0.408252239305915
"frozenset({20725, 22382})",frozenset({20727}),0.025199654651413772,0.05676667386142888,0.013867904165767322,0.550321199143469,9.69444150430301,1.0,0.012437403588749877,2.0975712538414895,0.9200326102993837,0.20364500792393023,0.5232581500301354,0.39730888854511853
"frozenset({22382, 20727})",frozenset({20725}),0.022555579538096265,0.06955536369522987,0.013867904165767322,0.6148325358851675,8.839469786674883,1.0,0.01229904262763835,2.4156885588533785,0.9073365442985605,0.17724137931034484,0.5860393524922534,0.40710594986655585
"frozenset({22382, 20727})",frozenset({22383}),0.022555579538096265,0.056281027412044035,0.01359810058277574,0.6028708133971292,10.711794740053305,1.0,0.012328649392497604,2.376352593625094,0.9275667684909157,0.20843672456575682,0.5791870269241008,0.4222407758260814
"frozenset({22383, 20727})",frozenset({22382}),0.025091733218217137,0.053313187999136626,0.01359810058277574,0.5419354838709678,10.165129946454227,1.0,0.012260380292488748,2.066710645917378,0.9248300637573899,0.20982514571190677,0.5161393289498846,0.39849810630795357
"frozenset({22382, 22383})",frozenset({20727}),0.02412044031944744,0.05676667386142888,0.01359810058277574,0.563758389261745,9.93115063669074,1.0,0.012228863413767607,2.1621810091484175,0.9215345524441461,0.20208500400962312,0.5375040314530125,0.4016510577487432
"frozenset({23209, 22382})",frozenset({20725}),0.016673861428879777,0.06955536369522987,0.010036693287286855,0.6019417475728155,8.654138453079455,1.0,0.008876936791397257,2.3374584765705197,0.8994455783456922,0.13172804532577906,0.5721849136472433,0.37311982646290115
frozenset({22384}),frozenset({20725}),0.050237427153032595,0.06955536369522987,0.028221454780919492,0.5617615467239527,8.076466240409847,1.0,0.024727172264177692,2.1231469519601496,0.9225289541714071,0.30819092516205066,0.529001042967482,0.4837512155652347
"frozenset({22384, 22382})",frozenset({20725}),0.01980358299158213,0.06955536369522987,0.013544139866177423,0.6839237057220708,9.832796054648114,1.0,0.01216669444872926,2.943734323481471,0.9164484917472966,0.17864768683274024,0.6602954308671006,0.439324149214798
"frozenset({20725, 22382})",frozenset({22384}),0.025199654651413772,0.050237427153032595,0.013544139866177423,0.5374732334047109,10.698661612734803,1.0,0.012278174051345445,2.0534218588867303,0.9299651656314128,0.21883173496076724,0.5130080087186013,0.40353790563898273
"frozenset({22384, 22382})",frozenset({20727}),0.01980358299158213,0.05676667386142888,0.012141161234621195,0.6130790190735694,10.799981351208544,1.0,0.011016977697650311,2.437793173893349,0.9257402208153653,0.18844221105527637,0.5897929280017957,0.41347867303488356
"frozenset({22382, 20727})",frozenset({22384}),0.022555579538096265,0.050237427153032595,0.012141161234621195,0.5382775119617225,10.71467116184172,1.0,0.011008026950681652,2.056998732901722,0.9275924085728658,0.2001779359430605,0.5138548293662087,0.3899765647885948
"frozenset({22384, 22382})",frozenset({22383}),0.01980358299158213,0.056281027412044035,0.010684221886466653,0.5395095367847411,9.585993035181996,1.0,0.009569655889260729,2.049377887217632,0.9137771883436623,0.1633663366336634,0.5120470430381853,0.364673272706848
"frozenset({22384, 20728})",frozenset({22382}),0.023041225987481113,0.053313187999136626,0.011979279084826246,0.5199063231850117,9.751927106543155,1.0,0.010750877872025073,1.9718793596310666,0.9186223506024667,0.18608549874266553,0.49286958397541253,0.37230133973015767
"frozenset({22384, 22382})",frozenset({20728}),0.01980358299158213,0.052126052233973666,0.011979279084826246,0.6049046321525885,11.604650769204731,1.0,0.010946996483387202,2.399101647104356,0.9322903415388963,0.19981998199819984,0.5831773108876107,0.4173591483744309
"frozenset({20728, 22382})",frozenset({22384}),0.021098640189941724,0.050237427153032595,0.011979279084826246,0.567774936061381,11.301831487743836,1.0,0.010919337685256002,2.1973796803737526,0.931165082727841,0.20181818181818179,0.5449125115101138,0.40311410605432096
"frozenset({22384, 20725})",frozenset({20727}),0.028221454780919492,0.05676667386142888,0.01661990071228146,0.5889101338432122,10.374223004165787,1.0,0.01501786259283794,2.2944699049789428,0.9298489283496781,0.2430939226519337,0.5641694851477351,0.4408428996212259
"frozenset({22384, 20727})",frozenset({20725}),0.025037772501618823,0.06955536369522987,0.01661990071228146,0.6637931034482758,9.543377651748214,1.0,0.014878389339812937,2.7674763541372647,0.9182051068258729,0.21314878892733563,0.6386599659631994,0.45136901099489046
"frozenset({20725, 20727})",frozenset({22384}),0.027897690481329594,0.050237427153032595,0.01661990071228146,0.5957446808510638,11.858582626779715,1.0,0.015218392518987814,2.349412680200393,0.9419511518179295,0.27017543859649124,0.5743617081718035,0.46328587426011836
"frozenset({22384, 20727})",frozenset({22383}),0.025037772501618823,0.056281027412044035,0.013112454133390891,0.5237068965517241,9.305212087149137,1.0,0.01170330257289076,1.9813828202751653,0.9154542829056395,0.19224683544303794,0.49530197306287094,0.3783443399345389
"frozenset({22384, 22383})",frozenset({20727}),0.021584286639326572,0.05676667386142888,0.013112454133390891,0.6074999999999999,10.701701520912545,1.0,0.011887185973204643,2.4031422322001808,0.9265559649901636,0.20099255583126546,0.5838781464530892,0.4192442965779467
"frozenset({22383, 20727})",frozenset({22384}),0.025091733218217137,0.050237427153032595,0.013112454133390891,0.5225806451612903,10.402217525380271,1.0,0.01185191001369738,1.9893675512335127,0.9271299490852636,0.21075455333911533,0.4973276811618108,0.3917951560929975
"frozenset({22384, 20725})",frozenset({22383}),0.028221454780919492,0.056281027412044035,0.0151090006475286,0.5353728489483748,9.512492460892886,1.0,0.013520668177395908,2.0311317805082347,0.9208631795213504,0.21772939346811818,0.5076636535371537,0.40191461239365045
"frozenset({22384, 22383})",frozenset({20725}),0.021584286639326572,0.06955536369522987,0.0151090006475286,0.7,10.063925523661753,1.0,0.013607697740228148,3.1014821210159,0.9205036084586051,0.198722498225692,0.6775735080902395,0.458611326609775
"frozenset({20725, 22383})",frozenset({22384}),0.028005611914526225,0.050237427153032595,0.0151090006475286,0.5394990366088632,10.73898619380822,1.0,0.013702070759096487,2.062455126809942,0.933010881030367,0.2393162393162393,0.5151409662198428,0.42012545815405566
"frozenset({22384, 20728})",frozenset({22383}),0.023041225987481113,0.056281027412044035,0.012518886250809411,0.5433255269320844,9.653795460311972,1.0,0.011222102379400885,2.0665025707438835,0.9175554000133321,0.18739903069466882,0.5160906092461196,0.3828804048850259
"frozenset({22384, 22383})",frozenset({20728}),0.021584286639326572,0.052126052233973666,0.012518886250809411,0.58,11.12687370600414,1.0,0.011393782598014815,2.256842732776253,0.9302053142852796,0.20458553791887124,0.5569031082773539,0.4100828157349896
"frozenset({20728, 22383})",frozenset({22384}),0.024390243902439025,0.050237427153032595,0.012518886250809411,0.5132743362831859,10.216970998925886,1.0,0.011293583149515934,1.9513303769401331,0.9246767241379311,0.20156385751520417,0.4875291176637691,0.38123437544556715
"frozenset({22384, 20728})",frozenset({20725}),0.023041225987481113,0.06955536369522987,0.015055039930930283,0.6533957845433256,9.393895018740816,1.0,0.013452399077387052,2.684458511500925,0.9146218939895611,0.19415448851774533,0.627485395763899,0.43492132128640293
"frozenset({22384, 20725})",frozenset({20728}),0.028221454780919492,0.052126052233973666,0.015055039930930283,0.5334608030592735,10.234053418524281,1.0,0.013583966904901348,2.03171342082636,0.9284903545837595,0.23057851239669425,0.5078045999256778,0.4111403394178355
"frozenset({20728, 20725})",frozenset({22384}),0.024767968918627238,0.050237427153032595,0.015055039930930283,0.607843137254902,12.099408184326363,1.0,0.013810760896652173,2.421894560759767,0.9406493022027156,0.25112511251125114,0.5871001090624308,0.4537604515490407
"frozenset({22384, 20728})",frozenset({20727}),0.023041225987481113,0.05676667386142888,0.014029786315562271,0.6088992974238876,10.72635150176757,1.0,0.012721812554563451,2.4117403009650893,0.9281575425403098,0.2132895816242822,0.5853616578866983,0.4280237931986358
"frozenset({22384, 20727})",frozenset({20728}),0.025037772501618823,0.052126052233973666,0.014029786315562271,0.5603448275862069,10.749803669593774,1.0,0.01272466607832054,2.1559485870756676,0.9302668551284891,0.2222222222222222,0.5361670468420576,0.4147479831512815
"frozenset({20728, 20727})",frozenset({22384}),0.022717461687891214,0.050237427153032595,0.014029786315562271,0.6175771971496438,12.293169299223628,1.0,0.012888519488915028,2.483540640798592,0.9400086220444015,0.2380952380952381,0.5973490493481733,0.4484233998637585
"frozenset({22384, 20725, 20728})",frozenset({20727}),0.015055039930930283,0.05676667386142888,0.01041441830347507,0.6917562724014337,12.185957452607765,1.0,0.009559793761745162,3.060024395263504,0.9319691645549643,0.1695957820738137,0.6732052196878358,0.4376081742235305
"frozenset({22384, 20728, 20727})",frozenset({20725}),0.014029786315562271,0.06955536369522987,0.01041441830347507,0.7423076923076922,10.672184758608342,1.0,0.009438571413729778,3.6106806781976144,0.9191945772801104,0.14233038348082597,0.723043910795462,0.4460180819955839
"frozenset({22384, 20725, 20727})",frozenset({20728}),0.01661990071228146,0.052126052233973666,0.01041441830347507,0.6266233766233765,12.021308918824445,1.0,0.00954808849082323,2.5386537035820522,0.9323092704717802,0.17853839037927843,0.6060904255712407,0.4132081686429512
"frozenset({20728, 20725, 20727})",frozenset({22384}),0.014137707748758903,0.050237427153032595,0.01041441830347507,0.7366412213740458,14.66319561171194,1.0,0.00970417624033593,3.606344841824716,0.9451645013910513,0.19299999999999998,0.7227109320211247,0.4719725977976566
"frozenset({22384, '85099B'})",frozenset({20725}),0.01494711849773365,0.06955536369522987,0.010090654003885171,0.6750902527075812,9.705797178570128,1.0,0.00905100174057961,2.8637018250713475,0.9105793299616104,0.135605511240029,0.6508016333107287,0.41008197662531887
"frozenset({22384, 23209})",frozenset({20725}),0.01672782214547809,0.06955536369522987,0.011547593352039715,0.6903225806451613,9.924792912735555,1.0,0.010384083598881867,3.0045608047341537,0.9145405010067937,0.15451263537906137,0.6671726535125053,0.42817137566005153
"frozenset({23209, 20725})",frozenset({22384}),0.022609540254694582,0.050237427153032595,0.011547593352039715,0.5107398568019094,10.166520973418887,1.0,0.010411748220530937,1.9412220391359971,0.9224951253578908,0.18838028169014084,0.4848605775951926,0.37030011100031024
frozenset({20726}),frozenset({20725}),0.04424778761061947,0.06955536369522987,0.02336499028707101,0.5280487804878049,7.59177657098526,1.0,0.020287319327105088,1.9714847590953788,0.9084766059361902,0.2583532219570406,0.4927680798004988,0.4319840488940188
"frozenset({20725, 22382})",frozenset({20726}),0.025199654651413772,0.04424778761061947,0.013921864882365638,0.5524625267665952,12.485653104925053,1.0,0.012806835915488923,2.1355803023245965,0.9436887037978704,0.25072886297376096,0.5317431993020858,0.43354833655402936
"frozenset({20726, 22382})",frozenset({20725}),0.021854090222318153,0.06955536369522987,0.013921864882365638,0.6370370370370371,9.158704709364136,1.0,0.012401795688723932,2.5634699163498773,0.9107171494147879,0.1796657381615599,0.6099037505289318,0.4185960980375255
"frozenset({20725, 20726})",frozenset({22382}),0.02336499028707101,0.053313187999136626,0.013921864882365638,0.5958429561200924,11.176276986657443,1.0,0.01267620276259302,2.3423736548364222,0.9323081364296542,0.22184006878761825,0.5730826301195595,0.42848827967947944
"frozenset({22384, 20726})",frozenset({20725}),0.01715950787826462,0.06955536369522987,0.012788689833800992,0.7452830188679246,10.714961137052272,1.0,0.011595154022497134,3.652856720307617,0.9225022343363639,0.17299270072992703,0.7262416578124676,0.46457323945723616
"frozenset({20725, 20726})",frozenset({22384}),0.02336499028707101,0.050237427153032595,0.012788689833800992,0.5473441108545035,10.895146146461503,1.0,0.011614892836322948,2.0981999696058007,0.929944144523452,0.2102928127772848,0.5234010034859189,0.4009545473713978
"frozenset({22384, 22382})",frozenset({20726}),0.01980358299158213,0.04424778761061947,0.010792143319663286,0.5449591280653951,12.31607629427793,1.0,0.009915878585522484,2.1003656404006152,0.9373685659234793,0.20263424518743672,0.5238924210313857,0.3944307835448927
"frozenset({22384, 20726})",frozenset({22382}),0.01715950787826462,0.053313187999136626,0.010792143319663286,0.628930817610063,11.796908817762843,1.0,0.009877315250176698,2.551240730646395,0.9312111562534314,0.18083182640144668,0.6080338527103105,0.4156799837038169
"frozenset({22384, 20726})",frozenset({20727}),0.01715950787826462,0.05676667386142888,0.010684221886466653,0.6226415094339623,10.968433890522993,1.0,0.009710133699118585,2.499568314267214,0.924696620315375,0.16894197952218432,0.5999309183541299,0.40542721859530817
"frozenset({20726, 20727})",frozenset({22384}),0.0187243686596158,0.050237427153032595,0.010684221886466653,0.5706051873198847,11.358168991849736,1.0,0.009743557779942676,2.2118631730060248,0.9293593065657952,0.18333333333333332,0.5478924681218171,0.39163986541074797
"frozenset({22384, 20726})",frozenset({22383}),0.01715950787826462,0.056281027412044035,0.010576300453270019,0.6163522012578617,10.951331729348698,1.0,0.009610545719996222,2.4598576498604103,0.9245517576746302,0.1682403433476395,0.593472410870301,0.402135832172555
"frozenset({20726, 22383})",frozenset({22384}),0.019533779408590544,0.050237427153032595,0.010576300453270019,0.5414364640883979,10.777551613841233,1.0,0.009594973633207543,2.0711689841602543,0.9252889378095762,0.178669097538742,0.5171808733870911,0.37598138993893576
"frozenset({22384, 20726})",frozenset({20728}),0.01715950787826462,0.052126052233973666,0.010576300453270019,0.6163522012578617,11.82426396864461,1.0,0.009681843049298314,2.470687831062266,0.9314106887951183,0.1801470588235294,0.595254411574103,0.4096253759912497
"frozenset({20728, 20726})",frozenset({22384}),0.019533779408590544,0.050237427153032595,0.010576300453270019,0.5414364640883979,10.777551613841233,1.0,0.009594973633207543,2.0711689841602543,0.9252889378095762,0.178669097538742,0.5171808733870911,0.37598138993893576
"frozenset({20728, 20726})",frozenset({22383}),0.019533779408590544,0.056281027412044035,0.011439671918843082,0.5856353591160222,10.405555584983817,1.0,0.010340290744487377,2.2775084538456007,0.9219057953707647,0.1777032690695725,0.560923693472361,0.3944475932684617
"frozenset({20726, 22383})",frozenset({20728}),0.019533779408590544,0.052126052233973666,0.011439671918843082,0.5856353591160222,11.234983928714414,1.0,0.010421453113063972,2.2875357939420105,0.9291419611426673,0.1899641577060932,0.5628483704393785,0.4025485284192947
"frozenset({20725, 20726})",frozenset({22383}),0.02336499028707101,0.056281027412044035,0.013759982732570689,0.5889145496535797,10.463820166999174,1.0,0.012444977073741903,2.2956759276999157,0.9260702302911331,0.20884520884520885,0.5643984466910709,0.4167008031105866
"frozenset({20726, 22383})",frozenset({20725}),0.019533779408590544,0.06955536369522987,0.013759982732570689,0.7044198895027625,10.127470436202634,1.0,0.01240130360146378,3.147859423760064,0.9192143913151392,0.18266475644699143,0.6823238063135878,0.45112383148528346
"frozenset({20726, 22382})",frozenset({22383}),0.021854090222318153,0.056281027412044035,0.01176343621843298,0.5382716049382715,9.563997490619412,1.0,0.010533465567565408,2.0438833363535944,0.9154474824163659,0.17723577235772356,0.5107352840480329,0.3736420344921463
"frozenset({20726, 22383})",frozenset({22382}),0.019533779408590544,0.053313187999136626,0.01176343621843298,0.6022099447513812,11.295703133737447,1.0,0.010722028164489129,2.379865457946615,0.9296299475392951,0.19257950530035337,0.5798081792141243,0.41142885901536674
"frozenset({20726, 20727})",frozenset({22383}),0.0187243686596158,0.056281027412044035,0.011277789769048132,0.6023054755043227,10.701749829382653,1.0,0.010223963063243077,2.3729745180291353,0.9238559567865096,0.17696867061812022,0.5785879737003893,0.40134449230633196
"frozenset({20726, 22383})",frozenset({20727}),0.019533779408590544,0.05676667386142888,0.011277789769048132,0.5773480662983426,10.170545973993235,1.0,0.010168922084079577,2.23170237949126,0.919640924495659,0.1734439834024896,0.5519115769245357,0.38800863390962753
"frozenset({20728, 20726})",frozenset({20727}),0.019533779408590544,0.05676667386142888,0.010576300453270019,0.5414364640883979,9.537928281830977,1.0,0.009467432768301464,2.056930506398571,0.9129895656666628,0.16091954022988503,0.5138387043756402,0.3638741255803206
"frozenset({20726, 20727})",frozenset({20728}),0.0187243686596158,0.052126052233973666,0.010576300453270019,0.5648414985590777,10.836068997201686,1.0,0.009600273034470707,2.1782268865881527,0.9250363329274521,0.17547000895255147,0.5409110014401018,0.3838700246418577
"frozenset({20725, 20726})",frozenset({20727}),0.02336499028707101,0.05676667386142888,0.012410964817612778,0.5311778290993072,9.35721247991289,1.0,0.011084612034211164,2.011921331123159,0.9144977983410086,0.1832669322709163,0.502962673276222,0.3749045039032658
"frozenset({20726, 20727})",frozenset({20725}),0.0187243686596158,0.06955536369522987,0.012410964817612778,0.6628242074927954,9.529447799268025,1.0,0.011108584545529637,2.7595238358782495,0.9121413969946564,0.1635846372688478,0.6376186402166957,0.42062855060442716
"frozenset({20726, 22382})",frozenset({20727}),0.021854090222318153,0.05676667386142888,0.01133175048564645,0.5185185185185185,9.134206449795803,1.0,0.010091166473457874,1.9590230619801092,0.9104177667094863,0.16840417000801927,0.4895414865666582,0.3590691451908182
"frozenset({22382, 20727})",frozenset({20726}),0.022555579538096265,0.04424778761061947,0.01133175048564645,0.5023923444976077,11.354066985645934,1.0,0.010333715992810332,1.9206943498978901,0.9329695000446905,0.20428015564202334,0.4793549530391636,0.37924495273660874
"frozenset({20726, 20727})",frozenset({22382}),0.0187243686596158,0.053313187999136626,0.01133175048564645,0.6051873198847262,11.351550012250755,1.0,0.010333494699131212,2.3978125822211647,0.9293069903243123,0.18666666666666668,0.5829532268640986,0.4088689635860878
"frozenset({20728, 20725})",frozenset({20726}),0.024767968918627238,0.04424778761061947,0.012410964817612778,0.5010893246187365,11.324618736383444,1.0,0.011315036989354935,1.9156780152258766,0.9348511712162509,0.219256434699714,0.47799160816590014,0.39078856474839263
"frozenset({20728, 20726})",frozenset({20725}),0.019533779408590544,0.06955536369522987,0.012410964817612778,0.6353591160220995,9.134581177751395,1.0,0.01105228568650587,2.5516739268358095,0.9082678088583667,0.16185784658691066,0.6081003965737718,0.40689600486907923
"frozenset({20725, 20726})",frozenset({20728}),0.02336499028707101,0.052126052233973666,0.012410964817612778,0.5311778290993072,10.190256241064557,1.0,0.011193040113462626,2.0218197999147263,0.9234432841593458,0.19674935842600516,0.5053960792934283,0.3846365335972727
"frozenset({20728, 20726})",frozenset({22382}),0.019533779408590544,0.053313187999136626,0.011385711202244766,0.5828729281767956,10.932997069810098,1.0,0.010344303148300914,2.2695405691676327,0.9266344450907308,0.1852502194907814,0.559382187925922,0.3982178406066164
"frozenset({20728, 22382})",frozenset({20726}),0.021098640189941724,0.04424778761061947,0.011385711202244766,0.5396419437340153,12.195907928388745,1.0,0.010452143052247344,2.0761061946902655,0.9377914080618096,0.21100000000000005,0.5183290707587382,0.3984795084523735
"frozenset({22382, 20726})",frozenset({20728}),0.021854090222318153,0.052126052233973666,0.011385711202244766,0.5209876543209876,9.994765227615469,1.0,0.010246543753790237,1.9788090146661887,0.9200545806744775,0.18189655172413793,0.49464552031632375,0.36970707767809213
"frozenset({20726, 23206})",frozenset({20725}),0.016080293546298294,0.06955536369522987,0.010468379020073387,0.651006711409396,9.359547227183032,1.0,0.009349908354134552,2.6660817463348225,0.9077541784974033,0.13926776740847094,0.6249177275322697,0.40075548914147074
frozenset({22804}),frozenset({'85123A'}),0.022069933088711417,0.1067342974314699,0.01629613641269156,0.7383863080684597,6.9179853696282585,1.0,0.013940517610108397,3.4144455359862516,0.8747550312014334,0.14484412470023983,0.707126680024447,0.44553289114241995
frozenset({82580}),frozenset({82581}),0.02066695445715519,0.01629613641269156,0.012141161234621195,0.587467362924282,36.049487316929785,1.0,0.01180436972555251,2.3845479731261974,0.9927780532750503,0.4891304347826086,0.5806333060731099,0.6662502377535318
frozenset({82581}),frozenset({82580}),0.01629613641269156,0.02066695445715519,0.012141161234621195,0.7450331125827814,36.04948731692978,1.0,0.01180436972555251,3.8410205162849227,0.988366916560005,0.4891304347826086,0.7396525231353851,0.6662502377535318
"frozenset({20725, 20727})",frozenset({22383}),0.027897690481329594,0.056281027412044035,0.0151090006475286,0.5415860735009671,9.622888891773655,1.0,0.013538889964816168,2.058661218683431,0.921797113516514,0.21875,0.5142474191846259,0.4050212246699466
"frozenset({22383, 20727})",frozenset({20725}),0.025091733218217137,0.06955536369522987,0.0151090006475286,0.6021505376344086,8.65714023540796,1.0,0.013363736017791826,2.3386851669282063,0.9072529631767469,0.1899592944369064,0.5724093118042604,0.4096865954269793
"frozenset({20725, 22383})",frozenset({20727}),0.028005611914526225,0.05676667386142888,0.0151090006475286,0.5394990366088632,9.503798618284652,1.0,0.013519215209686943,2.048276553413885,0.9205597544630466,0.21688613477924087,0.511784676569534,0.4028293662131769
"frozenset({20728, 20725})",frozenset({22383}),0.024767968918627238,0.056281027412044035,0.014893157781135334,0.6013071895424837,10.684012307383805,1.0,0.01349919104348542,2.367032832884546,0.9294221021509386,0.22512234910277326,0.5775301524730578,0.43296423714899834
"frozenset({20728, 22383})",frozenset({20725}),0.024390243902439025,0.06955536369522987,0.014893157781135334,0.6106194690265486,8.7788983708301,1.0,0.013196685495885825,2.3895509977827047,0.9082427536231884,0.18839590443686008,0.5815113379342342,0.4123694707429097
"frozenset({20725, 22383})",frozenset({20728}),0.028005611914526225,0.052126052233973666,0.014893157781135334,0.5317919075144509,10.20203688411781,1.0,0.013433335791634344,2.02447151806818,0.9279686892799645,0.22828784119106701,0.5060439274768191,0.4087530966143683
"frozenset({20728, 20727})",frozenset({22383}),0.022717461687891214,0.056281027412044035,0.01359810058277574,0.5985748218527316,10.635463661145563,1.0,0.012319538498787475,2.35092122757118,0.9270348284345304,0.2079207920792079,0.5746348332423136,0.42009278005388256
"frozenset({20728, 22383})",frozenset({20727}),0.024390243902439025,0.05676667386142888,0.01359810058277574,0.5575221238938053,9.821292775665398,1.0,0.012213547561765278,2.131707317073171,0.9206349206349206,0.2012779552715655,0.5308924485125858,0.39853292506477334
"frozenset({22383, 20727})",frozenset({20728}),0.025091733218217137,0.052126052233973666,0.01359810058277574,0.5419354838709678,10.39663394109397,1.0,0.01229016758640202,2.069302280334283,0.9270769911994243,0.21374045801526723,0.5167453254637809,0.4014025245441796
"frozenset({20728, 20725})",frozenset({20727}),0.024767968918627238,0.05676667386142888,0.014137707748758903,0.5708061002178649,10.055302898514707,1.0,0.012731712534945183,2.1976857700386,0.9234212563720584,0.2097678142514011,0.5449758952653017,0.4099277649378298
"frozenset({20728, 20727})",frozenset({20725}),0.022717461687891214,0.06955536369522987,0.014137707748758903,0.6223277909738717,8.947229342379977,1.0,0.01255758643882518,2.4636301376371583,0.9088810267135532,0.18093922651933703,0.5940949151729856,0.41279306538608246
"frozenset({20725, 20727})",frozenset({20728}),0.027897690481329594,0.052126052233973666,0.014137707748758903,0.5067698259187621,9.722006639675465,1.0,0.012683511277521887,1.921767964686414,0.9228869919681012,0.21457821457821458,0.47964581657329497,0.3889956790049297
"frozenset({20728, 22382})",frozenset({22383}),0.021098640189941724,0.056281027412044035,0.012896611266997626,0.6112531969309463,10.86073273779894,1.0,0.011709158120110662,2.427592883433492,0.92749404421294,0.19999999999999998,0.5880693147420833,0.4201999445824434
"frozenset({20728, 22383})",frozenset({22382}),0.024390243902439025,0.053313187999136626,0.012896611266997626,0.5287610619469026,9.918016194331985,1.0,0.011596289608482099,2.0089316386121605,0.9216527196652721,0.1990008326394671,0.5022229822161423,0.3853319479774999
"frozenset({22382, 22383})",frozenset({20728}),0.02412044031944744,0.052126052233973666,0.012896611266997626,0.534675615212528,10.257358696810114,1.0,0.011639307934999664,2.0370175704394895,0.9248159840270782,0.2035775127768313,0.5090862177569493,0.3910438117470508
"frozenset({20728, 20725})",frozenset({22382}),0.024767968918627238,0.053313187999136626,0.01268076840060436,0.5119825708061003,9.603300609492562,1.0,0.011360309017288813,1.9398627085196267,0.9186215242909664,0.19389438943894394,0.4844996011273741,0.37491841090912303
"frozenset({20728, 22382})",frozenset({20725}),0.021098640189941724,0.06955536369522987,0.01268076840060436,0.6010230179028133,8.640929843114769,1.0,0.01121324480871817,2.332075979456187,0.9033307648010207,0.16262975778546718,0.571197504365536,0.3916674437846107
"frozenset({20725, 22382})",frozenset({20728}),0.025199654651413772,0.052126052233973666,0.01268076840060436,0.5032119914346895,9.653752200070048,1.0,0.01136720988596667,1.9080048862359238,0.9195865992191319,0.1961602671118531,0.4758923275229231,0.37324160648339033
"frozenset({20728, 22382})",frozenset({20727}),0.021098640189941724,0.05676667386142888,0.012033239801424563,0.5703324808184143,10.046959633580657,1.0,0.010835540174842506,2.1952632769058407,0.9198755241391363,0.18278688524590164,0.5444737719981038,0.39115483356510067
"frozenset({20728, 20727})",frozenset({22382}),0.022717461687891214,0.053313187999136626,0.012033239801424563,0.5296912114014252,9.935463086731996,1.0,0.010822099495594836,2.0129047871331487,0.9202563266433973,0.18802698145025296,0.5032055135482907,0.37769985671285833
"frozenset({22382, 20727})",frozenset({20728}),0.022555579538096265,0.052126052233973666,0.012033239801424563,0.5334928229665072,10.234667696910261,1.0,0.010857506484254209,2.0318528726471747,0.9231142475334342,0.19207579672695954,0.507838380690841,0.38217084212507557
frozenset({22417}),frozenset({21212}),0.021962011655514785,0.0555255773796676,0.011439671918843082,0.5208845208845209,9.380983421799748,1.0,0.010220218541251633,1.9712876410588476,0.9134628497072219,0.173202614379085,0.49271735936879046,0.36345489406713893
frozenset({21914}),frozenset({21915}),0.027897690481329594,0.030271962011655516,0.014677314914742067,0.5261121856866537,17.3795205439306,1.0,0.013832797088278333,2.0463240638366287,0.9695080488481821,0.3374689826302729,0.5113188484305307,0.5054803352675693
frozenset({'85099F'}),frozenset({'85099B'}),0.03529030865529894,0.08633714655730629,0.022339736671703,0.6330275229357799,7.33204128440367,1.0,0.019292872121277883,2.489731275631341,0.8952043723076375,0.22499999999999998,0.5983502276781167,0.4458887614678899
"frozenset({'85099B', '85099F'})",frozenset({22386}),0.022339736671703,0.04699978415713361,0.012518886250809411,0.5603864734299517,11.923171211944737,1.0,0.011468923449112168,2.1678136777964108,0.9370634461442421,0.22032288698955363,0.5387057429139837,0.4133734892982135
"frozenset({22386, '85099F'})",frozenset({'85099B'}),0.015810489963306713,0.08633714655730629,0.012518886250809411,0.7918088737201365,9.171126279863481,1.0,0.01115385366170458,4.388577312437857,0.9052749791560715,0.13967489464178207,0.7721357221699486,0.4684044368600683
frozenset({22629}),frozenset({22630}),0.037988344485214764,0.03323980142456292,0.022879343837686163,0.6022727272727272,18.11902302243211,1.0,0.021616618810549736,2.430711356418241,0.9821184399354842,0.47321428571428564,0.5885977998335666,0.6452922077922078
frozenset({22630}),frozenset({22629}),0.03323980142456292,0.037988344485214764,0.022879343837686163,0.6883116883116883,18.119023022432113,1.0,0.021616618810549736,3.0864540614432694,0.9772944601010165,0.47321428571428564,0.6760036015140345,0.6452922077922078
frozenset({22328}),frozenset({22326}),0.024714008202028924,0.03210662637599827,0.014137707748758903,0.5720524017467249,17.81726909104253,1.0,0.013344224321163004,2.261710026121392,0.9677927130786327,0.33122629582806573,0.5578566710804653,0.5061942681002531
frozenset({22141}),frozenset({22144}),0.018778329376214115,0.022717461687891214,0.010684221886466653,0.5689655172413793,25.045294454910316,1.0,0.010257625908299907,2.2672954888840926,0.9784459198229546,0.3467600700525394,0.5589458873346166,0.519637152919977
frozenset({22570}),frozenset({22568}),0.01748327217785452,0.02250161882149795,0.010792143319663286,0.617283950617284,27.432868519998816,1.0,0.010398741393364703,2.554108673401893,0.9806931019332162,0.3696857670979668,0.608473981387773,0.5484501287858603
frozenset({22569}),frozenset({22570}),0.01586445067990503,0.01748327217785452,0.010846104036261602,0.6836734693877551,39.10443436633913,1.0,0.010568741527072673,3.1060206234377503,0.9901354069656106,0.4820143884892085,0.678044636132133,0.6520219198790628
frozenset({22570}),frozenset({22569}),0.01748327217785452,0.01586445067990503,0.010846104036261602,0.6203703703703705,39.104434366339134,1.0,0.010568741527072673,2.5923570567456165,0.9917667812081945,0.4820143884892085,0.6142506691360733,0.6520219198790628
frozenset({22551}),frozenset({22554}),0.03124325491042521,0.03167494064321174,0.015756529246708395,0.5043177892918825,15.921664857167237,1.0,0.014766901001919942,1.9535198932668305,0.9674177780795975,0.3340961098398169,0.4881034979747655,0.5008812115113587
frozenset({22749}),frozenset({22750}),0.021638247355924886,0.02039715087416361,0.01284265055039931,0.5935162094763092,29.097995751362337,1.0,0.012401291954428038,2.4099432055181618,0.9869901079399274,0.4399260628465805,0.5850524619375874,0.6115729195529694
frozenset({22750}),frozenset({22749}),0.02039715087416361,0.021638247355924886,0.01284265055039931,0.6296296296296297,29.097995751362337,1.0,0.012401291954428038,2.641576732139003,0.9857396522561872,0.4399260628465805,0.6214382161103247,0.6115729195529694
frozenset({22951}),frozenset({21212}),0.019102093675804014,0.0555255773796676,0.010198575437081804,0.5338983050847458,9.615358007609824,1.0,0.00913792065657229,2.0263269430763495,0.9134484908497452,0.15829145728643215,0.5064962229235278,0.35878588723625043
frozenset({22142}),frozenset({22144}),0.01732139002805957,0.022717461687891214,0.010954025469458234,0.632398753894081,27.83756224979836,1.0,0.010560527455114769,2.6585397864253126,0.9810708246761484,0.37662337662337664,0.6238536639150299,0.557292013526613
frozenset({21930}),frozenset({'85099B'}),0.025415497517807036,0.08633714655730629,0.013382257716382474,0.5265392781316348,6.09864118895966,1.0,0.011187956182360714,1.9297542778991423,0.8578312564409859,0.13603949533735601,0.4817993091386402,0.3407696390658174
frozenset({22699}),frozenset({22423}),0.04225124109648176,0.09189510036693287,0.0226635009712929,0.5363984674329502,5.837073633862262,1.0,0.01878081893010423,1.9588047835060374,0.8652386854792624,0.20329138431752178,0.4894846038663873,0.3915110364175908
frozenset({22697}),frozenset({22699}),0.03728685516943665,0.04225124109648176,0.029192747679689185,0.7829232995658465,18.530184658434568,1.0,0.02761733177219572,4.412029282682205,0.9826748519293604,0.5798499464094319,0.7733469258862057,0.7369278055939066
frozenset({22699}),frozenset({22697}),0.04225124109648176,0.03728685516943665,0.029192747679689185,0.6909323116219668,18.530184658434568,1.0,0.02761733177219572,3.1148941834807067,0.9877684395330282,0.5798499464094319,0.6789618070163269,0.7369278055939066
frozenset({22697}),frozenset({22423}),0.03728685516943665,0.09189510036693287,0.020181308007770342,0.5412445730824891,5.889808824641626,1.0,0.01675482870960767,1.9794968001465278,0.862370277918404,0.18514851485148515,0.4948211081089005,0.38042851085128565
"frozenset({22697, 22699})",frozenset({22423}),0.029192747679689185,0.09189510036693287,0.016835743578674726,0.5767097966728282,6.275740429794981,1.0,0.014153073100663143,2.145348256338382,0.8659352824560429,0.1614906832298137,0.5338752125462506,0.3799579517715286
"frozenset({22697, 22423})",frozenset({22699}),0.020181308007770342,0.04225124109648176,0.016835743578674726,0.8342245989304814,19.74438092896511,1.0,0.015983058268396064,5.777387674676066,0.9689064790259856,0.3692307692307693,0.8269113903532412,0.6163460159403364
"frozenset({22699, 22423})",frozenset({22697}),0.0226635009712929,0.03728685516943665,0.016835743578674726,0.7428571428571429,19.92276204258838,1.0,0.015990692900325742,3.743884452118858,0.9718312550964937,0.39048811013767215,0.7328977395565591,0.597188339880091
frozenset({22625}),frozenset({22624}),0.02417440103604576,0.03345564429095618,0.014299589898553853,0.5915178571428571,17.680659562211982,1.0,0.013490819736544982,2.3661850893860743,0.9668131528756786,0.3300124533001245,0.5773787923499011,0.5094686059907834
frozenset({20712}),frozenset({'85099B'}),0.02654867256637168,0.08633714655730629,0.014137707748758903,0.532520325203252,6.167916666666666,1.0,0.011845571114494136,1.954444016929588,0.8607217210270647,0.1431693989071038,0.48834553901882033,0.34813516260162597
frozenset({22627}),frozenset({22624}),0.016404057845888192,0.03345564429095618,0.010036693287286855,0.611842105263158,18.288157894736845,1.0,0.00948788496306655,2.4900803740300796,0.9610855094726062,0.25203252032520324,0.5984065372229145,0.455921052631579
frozenset({22355}),frozenset({20724}),0.03156701921001511,0.039876969566155836,0.016080293546298294,0.5094017094017094,12.774333529949226,1.0,0.014821496481966265,1.9570452014069644,0.951762329274527,0.290448343079922,0.48902559875414364,0.45632467066837834
frozenset({21928}),frozenset({'85099B'}),0.029246708396287503,0.08633714655730629,0.017267429311461257,0.5904059040590406,6.838376383763837,1.0,0.014742351962332183,2.2306543539006305,0.8794886047804337,0.1756311745334797,0.5517010520920234,0.39520295202952027
frozenset({21928}),frozenset({21929}),0.029246708396287503,0.032484351392186486,0.015216922080725233,0.5202952029520296,16.016795184563144,1.0,0.014266861728115419,2.0168980059439807,0.9658123701504776,0.32714617169373555,0.5041891077025662,0.49436687057900486
frozenset({21231}),frozenset({21232}),0.020559033023958558,0.03140513706022016,0.01327433628318584,0.6456692913385826,20.559352761317204,1.0,0.01262867703324283,2.7335899465189337,0.9713299408350814,0.3430962343096234,0.6341806856315662,0.5341748518548584
frozenset({21668}),frozenset({21669}),0.01796891862723937,0.018940211526009065,0.011385711202244766,0.6336336336336337,33.4544116766339,1.0,0.011045376082551208,2.6778107341134345,0.9878593402220684,0.4460887949260043,0.6265606126449864,0.6173866173866174
frozenset({21669}),frozenset({21668}),0.018940211526009065,0.01796891862723937,0.011385711202244766,0.6011396011396012,33.4544116766339,1.0,0.011045376082551208,2.462092211155993,0.9888373649800023,0.4460887949260043,0.5938413697631237,0.6173866173866174
frozenset({22578}),frozenset({22579}),0.02336499028707101,0.014893157781135334,0.012195121951219513,0.5219399538106236,35.04562037687854,1.0,0.01184714346431947,2.0606341192307656,0.9947070854645566,0.46790890269151136,0.514712490360346,0.6703902667603843
frozenset({22579}),frozenset({22578}),0.014893157781135334,0.02336499028707101,0.012195121951219513,0.8188405797101449,35.04562037687854,1.0,0.01184714346431947,5.391025253615367,0.9861526917080964,0.46790890269151136,0.8145065265035861,0.6703902667603843
frozenset({22579}),frozenset({22577}),0.014893157781135334,0.024983811785020505,0.010792143319663286,0.7246376811594203,29.004288352583966,1.0,0.010420055468774787,3.5408482624649253,0.9801194127957932,0.37105751391465674,0.7175817979548607,0.5783015619619996
frozenset({22577}),frozenset({22578}),0.024983811785020505,0.02336499028707101,0.01721346859486294,0.6889848812095032,29.487916440125897,1.0,0.016629722075171924,3.140152843729764,0.9908428349633615,0.5528596187175043,0.6815441636871934,0.7128527177410102
frozenset({22578}),frozenset({22577}),0.02336499028707101,0.024983811785020505,0.01721346859486294,0.7367205542725174,29.4879164401259,1.0,0.016629722075171924,3.703350960500756,0.9892004632826664,0.5528596187175043,0.7299742825711601,0.7128527177410102
frozenset({20971}),frozenset({20972}),0.024660047485430606,0.028868983380099286,0.01268076840060436,0.5142231947483589,17.812307000143154,1.0,0.011968857899595006,1.9991300657445705,0.9677231394014302,0.310435931307794,0.49978242179677645,0.4767377655984785
frozenset({22725}),frozenset({22726}),0.01737535074465789,0.04257500539607166,0.01133175048564645,0.6521739130434783,15.318234418912217,1.0,0.010591994833934002,2.752596859486294,0.9512465678198792,0.23307436182019978,0.6367066987838438,0.4591668044304844
frozenset({22725}),frozenset({22727}),0.01737535074465789,0.047323548456723506,0.012195121951219513,0.7018633540372671,14.831164968094223,1.0,0.011372858698302128,3.1954355978847397,0.9490647461037162,0.23227132579650567,0.6870536209016501,0.47978002365489353
frozenset({21136}),frozenset({84879}),0.018994172242607382,0.07419598532268508,0.013759982732570689,0.7244318181818181,9.763760330578512,1.0,0.01235069140764164,3.3596186924372655,0.914959339071162,0.17323369565217392,0.7023471734304046,0.45494318181818183
frozenset({22617}),frozenset({22138}),0.022879343837686163,0.046082451974962226,0.01678178286207641,0.7334905660377359,15.916917060668995,1.0,0.015727446598457588,3.579301242147045,0.9591177479602557,0.32161323681489146,0.7206158598150991,0.5488295921523574
frozenset({'47590B'}),frozenset({'47590A'}),0.019371897258795595,0.01915605439240233,0.013706022015972373,0.7075208913649026,36.93458354584331,1.0,0.013334932898398854,3.35355215688693,0.9921448319757916,0.5521739130434784,0.7018087230441974,0.7115069245556908
frozenset({'47590A'}),frozenset({'47590B'}),0.01915605439240233,0.019371897258795595,0.013706022015972373,0.7154929577464789,36.93458354584331,1.0,0.013334932898398854,3.4467621432982933,0.9919265022553811,0.5521739130434784,0.7098726403432426,0.7115069245556908
frozenset({22385}),frozenset({'85099B'}),0.025739261817396934,0.08633714655730629,0.014407511331750486,0.559748427672956,6.483286163522012,1.0,0.01218525691194501,2.07531990996269,0.868101524990743,0.1475138121546961,0.5181465781735897,0.363311713836478
frozenset({22745}),frozenset({22746}),0.01705158644506799,0.01359810058277574,0.011061946902654867,0.6487341772151899,47.70770544504722,1.0,0.010830077715078937,2.8081351370796654,0.9960227942200371,0.5647382920110193,0.643891781846384,0.7311131203536267
frozenset({22746}),frozenset({22745}),0.01359810058277574,0.01705158644506799,0.011061946902654867,0.8134920634920635,47.70770544504722,1.0,0.010830077715078937,5.270276600337082,0.992535624699792,0.5647382920110193,0.8102566381551889,0.7311131203536267
frozenset({22746}),frozenset({22748}),0.01359810058277574,0.018670407943017484,0.011601554068638031,0.8531746031746031,45.69662354344435,1.0,0.011347671983507425,6.683650194550258,0.9916004274591624,0.5613577023498695,0.850381158365322,0.7372809432057987
frozenset({22748}),frozenset({22746}),0.018670407943017484,0.01359810058277574,0.011601554068638031,0.6213872832369942,45.69662354344435,1.0,0.011347671983507425,2.6053057801401494,0.9967258228281914,0.5613577023498695,0.616167895675491,0.7372809432057987
"frozenset({22745, 22746})",frozenset({22748}),0.011061946902654867,0.018670407943017484,0.010036693287286855,0.9073170731707317,48.596531791907516,1.0,0.00983016222597029,10.588029809035868,0.9903779076760241,0.5095890410958904,0.905553722643792,0.722444663752996
"frozenset({22745, 22748})",frozenset({22746}),0.013706022015972373,0.01359810058277574,0.010036693287286855,0.732283464566929,53.85189351331083,1.0,0.009850317421323924,3.6845012125290424,0.9950689882778168,0.5812499999999998,0.7285928427436723,0.7351893513310837
"frozenset({22746, 22748})",frozenset({22745}),0.011601554068638031,0.01705158644506799,0.010036693287286855,0.8651162790697675,50.73523697380042,1.0,0.009838868385188344,7.287376169458983,0.9917962102306982,0.5391304347826086,0.862776398974579,0.7268619370032382
frozenset({22745}),"frozenset({22746, 22748})",0.01705158644506799,0.011601554068638031,0.010036693287286855,0.5886075949367089,50.73523697380042,1.0,0.009838868385188344,2.40256853011008,0.9972952998899703,0.5391304347826086,0.5837787819712338,0.7268619370032382
frozenset({22746}),"frozenset({22745, 22748})",0.01359810058277574,0.013706022015972373,0.010036693287286855,0.7380952380952381,53.851893513310834,1.0,0.009850317421323924,3.7658497341208332,0.9949601185854451,0.5812499999999998,0.7344556818241029,0.7351893513310837
frozenset({22748}),"frozenset({22745, 22746})",0.018670407943017484,0.011061946902654867,0.010036693287286855,0.5375722543352601,48.596531791907516,1.0,0.00983016222597029,2.138578539823009,0.9980565222686953,0.5095890410958904,0.5323996844732385,0.722444663752996
frozenset({22356}),frozenset({20724}),0.0262788689833801,0.039876969566155836,0.01737535074465789,0.6611909650924024,16.580772618528282,1.0,0.016327429085974645,2.8338176716441335,0.9650495913425546,0.3561946902654867,0.64711914601767,0.5484574581889616
frozenset({20719}),frozenset({20724}),0.028653140513706023,0.039876969566155836,0.015594647096913447,0.544256120527307,13.648382172682075,1.0,0.014452046684673606,2.1067162361998815,0.9540682957059864,0.2945973496432212,0.5253276246620611,0.4676625663529634
frozenset({21932}),frozenset({21933}),0.01721346859486294,0.015270882797323549,0.010738182603064968,0.6238244514106583,40.850582097322686,1.0,0.010475317741617406,2.6177382365637816,0.9926067497758931,0.49379652605459057,0.6179908342124127,0.6635023317123963
frozenset({21933}),frozenset({21932}),0.015270882797323549,0.01721346859486294,0.010738182603064968,0.7031802120141343,40.850582097322686,1.0,0.010475317741617406,3.311054623662545,0.9906486236872345,0.49379652605459057,0.6979814247540732,0.6635023317123963
frozenset({'84596B'}),frozenset({'84596F'}),0.01947981869199223,0.01554068638031513,0.012141161234621195,0.6232686980609418,40.10560941828255,1.0,0.011838431481583544,2.613160383946369,0.9944372901876617,0.5306603773584905,0.6173216132682182,0.7022593490304709
frozenset({'84596F'}),frozenset({'84596B'}),0.01554068638031513,0.01947981869199223,0.012141161234621195,0.78125,40.10560941828255,1.0,0.011838431481583544,4.48237797169375,0.9904582328436747,0.5306603773584905,0.7769041329591106,0.7022593490304709
frozenset({22697}),frozenset({22698}),0.03728685516943665,0.03000215842866393,0.024821929635225556,0.6657018813314037,22.188466303657506,1.0,0.02370324349912547,2.9015952750034337,0.9919170060169175,0.5844980940279544,0.6553619973761445,0.7465200054139034
frozenset({22698}),frozenset({22697}),0.03000215842866393,0.03728685516943665,0.024821929635225556,0.827338129496403,22.18846630365751,1.0,0.02370324349912547,5.575713630477015,0.9844676960585128,0.5844980940279544,0.8206507603737089,0.7465200054139034
frozenset({22698}),frozenset({22423}),0.03000215842866393,0.09189510036693287,0.016673861428879777,0.5557553956834533,6.047715204231214,1.0,0.013916810068853085,2.0441551586882003,0.8604640779579532,0.1584615384615385,0.5108003442156847,0.36859995268611895
frozenset({22698}),frozenset({22699}),0.03000215842866393,0.04225124109648176,0.02352687243686596,0.7841726618705036,18.55975449525437,1.0,0.022259244007681638,4.437569249586302,0.9753835899445947,0.4828349944629014,0.774651404010602,0.6705026783171164
frozenset({22699}),frozenset({22698}),0.04225124109648176,0.03000215842866393,0.02352687243686596,0.5568326947637292,18.55975449525437,1.0,0.022259244007681638,2.1887847549001616,0.9878582124538866,0.4828349944629014,0.5431254728171689,0.6705026783171164
"frozenset({22697, 22698})",frozenset({22423}),0.024821929635225556,0.09189510036693287,0.014623354198143751,0.5891304347826087,6.4109014782098095,1.0,0.012342340483013754,2.2102024012233383,0.8654990533969086,0.14323467230443976,0.547552749265631,0.3741306900865481
"frozenset({22697, 22423})",frozenset({22698}),0.020181308007770342,0.03000215842866393,0.014623354198143751,0.7245989304812834,24.151560035394144,1.0,0.014017871397996961,3.522128084928929,0.9783389672204904,0.41122913505311076,0.7160807398575403,0.6060045012118648
"frozenset({22698, 22423})",frozenset({22697}),0.016673861428879777,0.03728685516943665,0.014623354198143751,0.8770226537216828,23.520960663922175,1.0,0.014001638341929855,7.828377940859049,0.9737204088827366,0.37174211248285316,0.8722596165444888,0.6346039462530266
"frozenset({22698, 22699})",frozenset({22423}),0.02352687243686596,0.09189510036693287,0.014299589898553853,0.6077981651376146,6.614043215695992,1.0,0.012137585594648028,2.3154019663158905,0.8692574612548587,0.14140875133404485,0.5681095487747504,0.3817029580826065
"frozenset({22698, 22423})",frozenset({22699}),0.016673861428879777,0.04225124109648176,0.014299589898553853,0.8576051779935274,20.2977511603781,1.0,0.013595098559312926,6.726008329572431,0.9668546591027926,0.3204353083434099,0.8513234074356893,0.5980235340797777
"frozenset({22699, 22423})",frozenset({22698}),0.0226635009712929,0.03000215842866393,0.014299589898553853,0.6309523809523809,21.03023295649195,1.0,0.013619635951864944,2.6283812481287816,0.9745358023868258,0.37271448663853723,0.6195376904655943,0.553785542994176
"frozenset({22697, 22698, 22699})",frozenset({22423}),0.021044679473343406,0.09189510036693287,0.012896611266997626,0.6128205128205129,6.66869626752187,1.0,0.010962708334604802,2.3454364957410347,0.868319150319954,0.12891046386192018,0.573640129751604,0.37658054413779607
"frozenset({22697, 22698, 22423})",frozenset({22699}),0.014623354198143751,0.04225124109648176,0.012896611266997626,0.8819188191881919,20.87320505388962,1.0,0.012278756403132605,8.110934801964174,0.9662210820829263,0.2932515337423313,0.8767096488363048,0.593577544970852
"frozenset({22697, 22699, 22423})",frozenset({22698}),0.016835743578674726,0.03000215842866393,0.012896611266997626,0.766025641025641,25.53235104224313,1.0,0.012391502620885866,4.145744199592559,0.9772873618121609,0.3799682034976153,0.7587887839056062,0.5979408780667773
"frozenset({22698, 22699, 22423})",frozenset({22697}),0.014299589898553853,0.03728685516943665,0.012896611266997626,0.9018867924528302,24.18779455533408,1.0,0.012363424529467908,9.812268591542283,0.97256410203552,0.33333333333333337,0.8980867685519786,0.6238811675722906
"frozenset({22697, 22698})","frozenset({22699, 22423})",0.024821929635225556,0.0226635009712929,0.012896611266997626,0.5195652173913043,22.925196687370597,1.0,0.012334059440600328,2.0342750658516078,0.9807233177934473,0.37285491419656785,0.508424393147949,0.5443064182194617
"frozenset({22697, 22423})","frozenset({22698, 22699})",0.020181308007770342,0.02352687243686596,0.012896611266997626,0.6390374331550802,27.16202227346318,1.0,0.012421808207889712,2.7051922200637937,0.983022571283863,0.4185639229422068,0.6303405012837062,0.5936012853848796
"frozenset({22698, 22699})","frozenset({22697, 22423})",0.02352687243686596,0.020181308007770342,0.012896611266997626,0.5481651376146789,27.16202227346318,1.0,0.012421808207889712,2.1685327396376253,0.9863905752305695,0.4185639229422068,0.5388587030661542,0.5936012853848796
"frozenset({22698, 22423})","frozenset({22697, 22699})",0.016673861428879777,0.029192747679689185,0.012896611266997626,0.773462783171521,26.495031973631473,1.0,0.012409855437458237,4.285420585242513,0.9785736770649625,0.3911620294599018,0.7666506752117518,0.6076186374267956
"frozenset({22699, 22423})","frozenset({22697, 22698})",0.0226635009712929,0.024821929635225556,0.012896611266997626,0.569047619047619,22.9251966873706,1.0,0.012334059440600328,2.2628441411779296,0.9785574094060944,0.37285491419656785,0.5580782689348426,0.5443064182194617
"frozenset({22697, 22698})",frozenset({22699}),0.024821929635225556,0.04225124109648176,0.021044679473343406,0.8478260869565217,20.06630018324171,1.0,0.019995922139845586,6.293777558508834,0.9743504614022542,0.4572098475967174,0.8411129102190693,0.6729551890721306
"frozenset({22697, 22699})",frozenset({22698}),0.029192747679689185,0.03000215842866393,0.021044679473343406,0.7208872458410351,24.027846114974935,1.0,0.02016883403248936,3.47529028006684,0.9872007228685566,0.5516265912305517,0.7122542523323355,0.7111630473809493
"frozenset({22698, 22699})",frozenset({22697}),0.02352687243686596,0.03728685516943665,0.021044679473343406,0.8944954128440368,23.989564386144266,1.0,0.020167436388200174,9.124846329263606,0.9814045886327052,0.5291723202170963,0.8904091133246841,0.7294474169864178
frozenset({22697}),"frozenset({22698, 22699})",0.03728685516943665,0.02352687243686596,0.021044679473343406,0.5643994211287988,23.989564386144266,1.0,0.020167436388200174,2.2416708675951016,0.9954317266911852,0.5291723202170963,0.5539041817174458,0.7294474169864178
frozenset({22698}),"frozenset({22697, 22699})",0.03000215842866393,0.029192747679689185,0.021044679473343406,0.7014388489208634,24.02784611497494,1.0,0.02016883403248936,3.251619471627066,0.9880244884917782,0.5516265912305517,0.6924609387027647,0.7111630473809493
frozenset({23256}),frozenset({23254}),0.01748327217785452,0.014893157781135334,0.011547593352039715,0.6604938271604939,44.348810162819824,1.0,0.011287212220964394,2.901587426171929,0.9948446200088694,0.5544041450777202,0.6553610651258913,0.7179280730005368
frozenset({23254}),frozenset({23256}),0.014893157781135334,0.01748327217785452,0.011547593352039715,0.7753623188405797,44.34881016281983,1.0,0.011287212220964394,4.373784143208261,0.9922289023401345,0.5544041450777202,0.7713650314561524,0.7179280730005368
"frozenset({20725, 23206})",frozenset({22383}),0.02099071875674509,0.056281027412044035,0.01176343621843298,0.5604113110539846,9.957375279436665,1.0,0.010582057000686103,2.1468226920275724,0.9188594484085909,0.17957166392092255,0.5341953465865654,0.38471188755000285
"frozenset({23206, 22383})",frozenset({20725}),0.019425857975393913,0.06955536369522987,0.01176343621843298,0.6055555555555555,8.706094302215327,1.0,0.010412263601862575,2.358873725843079,0.9026731315644393,0.15234102026554858,0.5760688717482778,0.38733945349538834
"frozenset({23209, 23206})",frozenset({22383}),0.02050507230736024,0.056281027412044035,0.010792143319663286,0.5263157894736843,9.351566836554474,1.0,0.0096380967830468,1.9922956087967965,0.9117617893345086,0.1635322976287817,0.49806645380103587,0.3590351718221729
"frozenset({23209, 22383})",frozenset({23206}),0.017860997194042737,0.04672998057414202,0.010792143319663286,0.6042296072507554,12.930234505278289,1.0,0.009957499267750863,2.4086440948851835,0.9394412394923355,0.20060180541624878,0.5848286585288689,0.41758824473392275
"frozenset({23206, 22383})",frozenset({23209}),0.019425857975393913,0.05428448089790632,0.010792143319663286,0.5555555555555556,10.234150651645683,1.0,0.009737620703472574,2.127859917979711,0.9201628879594981,0.17152658662092626,0.5300442517149125,0.3771813563066048
"frozenset({23206, 22382})",frozenset({20725}),0.01672782214547809,0.06955536369522987,0.010576300453270019,0.632258064516129,9.089997247178358,1.0,0.00941279070011217,2.53015646714455,0.9051298161674943,0.1397006414825374,0.6047675260461,0.39215696088490704
"frozenset({20725, 23206})",frozenset({22382}),0.02099071875674509,0.053313187999136626,0.010576300453270019,0.5038560411311054,9.450870601459155,1.0,0.009457218317954664,1.9080889630483722,0.9133617620558667,0.16596104995766298,0.475915421468402,0.3511183039663624
"frozenset({20725, 23206})",frozenset({20727}),0.02099071875674509,0.05676667386142888,0.011007986186056551,0.5244215938303343,9.238194844927524,1.0,0.009816412900275425,1.9833392641508336,0.9108736367831596,0.16491511721907845,0.4957998270517022,0.3591689718201101
"frozenset({23206, 20727})",frozenset({20725}),0.017267429311461257,0.06955536369522987,0.011007986186056551,0.6375,9.165360744763383,1.0,0.00980694386021619,2.566743824289021,0.9065472883640608,0.14519572953736656,0.6104013222757061,0.3978811093871218
"frozenset({23206, 20727})",frozenset({22383}),0.017267429311461257,0.056281027412044035,0.010900064752859918,0.63125,11.21603547459252,1.0,0.009928236090446034,2.5592378917639484,0.9268461878034937,0.17398794142980187,0.6092586768826119,0.41246104985618404
"frozenset({23206, 22383})",frozenset({20727}),0.019425857975393913,0.05676667386142888,0.010900064752859918,0.5611111111111111,9.884516265314744,1.0,0.009797323408692294,2.1491392241132,0.9166381529194081,0.16694214876033056,0.5346974319857615,0.37656316011829316
"frozenset({22384, 23206})",frozenset({20725}),0.015648607813511763,0.06955536369522987,0.010468379020073387,0.6689655172413793,9.61774163345015,1.0,0.00937993441228056,2.81071817217066,0.9102699446276125,0.140072202166065,0.6442190434099195,0.4097348920574624
"frozenset({23209, 20725})",frozenset({23206}),0.022609540254694582,0.04672998057414202,0.012141161234621195,0.5369928400954653,11.491398744398573,1.0,0.011084617857729035,2.0588666914403837,0.9340979161682524,0.21226415094339623,0.5142958967875673,0.39840404129484586
"frozenset({23209, 23206})",frozenset({20725}),0.02050507230736024,0.06955536369522987,0.012141161234621195,0.5921052631578947,8.512718957984566,1.0,0.010714923472685767,2.281090076102017,0.9010038685666715,0.15581717451523544,0.5616131031051502,0.38332959046180226
"frozenset({20725, 23206})",frozenset({23209}),0.02099071875674509,0.05428448089790632,0.012141161234621195,0.5784061696658097,10.655092580762213,1.0,0.011001690963237342,2.2431910788458196,0.9255766839981138,0.19230769230769232,0.5542065009840685,0.4010321106778353
"frozenset({23202, 23199})",frozenset({23203}),0.015324843513921865,0.05827757392618174,0.010090654003885171,0.6584507042253521,11.298526343244653,1.0,0.009197559303095423,2.757207927886231,0.9256787645910063,0.1588785046728972,0.6373142591510558,0.41579942618675014
"frozenset({23203, 23199})",frozenset({23202}),0.01737535074465789,0.04165767321390028,0.010090654003885171,0.5807453416149068,13.940897241978565,1.0,0.009366837320587313,2.2858239201861044,0.944682800482781,0.2061742006615215,0.5625209837166358,0.41148666044475907
frozenset({23208}),frozenset({23206}),0.03221454780919491,0.04672998057414202,0.016404057845888192,0.5092127303182579,10.896917226625813,1.0,0.014898672652559744,1.9423283330963723,0.938463090399542,0.2622950819672131,0.485153986089548,0.43012599564411735
frozenset({23208}),frozenset({23209}),0.03221454780919491,0.05428448089790632,0.01721346859486294,0.5343383584589614,9.843298666959715,1.0,0.015464718589680009,2.0309070679998196,0.9283132314269659,0.24844236760124608,0.5076091783043177,0.4257178869829598
"frozenset({23209, 20727})",frozenset({20725}),0.018022879343837686,0.06955536369522987,0.0111698683358515,0.6197604790419162,8.910319005123966,1.0,0.009916280408255625,2.4469961301243566,0.904064416485753,0.1461864406779661,0.5913356839067907,0.3901750416931846
"frozenset({23209, 20727})",frozenset({22383}),0.018022879343837686,0.056281027412044035,0.010036693287286855,0.5568862275449101,9.894741676761528,1.0,0.009022347120892364,2.129744167867414,0.9154349940381019,0.1561712846347607,0.5304600359575891,0.3676089814618127
"frozenset({23209, 22383})",frozenset({20727}),0.017860997194042737,0.05676667386142888,0.010036693287286855,0.5619335347432024,9.899004055000976,1.0,0.009022783884732734,2.1531740065646003,0.9153284145441613,0.15538847117794485,0.5355693515938803,0.36936980919669626
"frozenset({23209, 20725})",frozenset({22383}),0.022609540254694582,0.056281027412044035,0.011439671918843082,0.5059665871121718,8.990002677241387,1.0,0.010167183763994904,1.9102330894413213,0.9093247422626719,0.1696,0.47650367616003014,0.3546132072665365
"frozenset({23209, 22383})",frozenset({20725}),0.017860997194042737,0.06955536369522987,0.011439671918843082,0.6404833836858006,9.20825296079539,1.0,0.01019734376305196,2.588043484175453,0.9076126337657169,0.15056818181818182,0.6136077287284845,0.4024759819903014
"frozenset({23203, 20725})",frozenset({23209}),0.013921864882365638,0.05428448089790632,0.010738182603064968,0.7713178294573643,14.208809160540632,1.0,0.009982441394794959,4.13550176149729,0.9427459063952796,0.18685446009389672,0.7581913737021496,0.48456547536486505
"frozenset({23209, '85099B'})",frozenset({23203}),0.013759982732570689,0.05827757392618174,0.010900064752859918,0.792156862745098,13.592824981844588,1.0,0.010098166341939545,4.530928653751389,0.9393573159362224,0.17828773168578993,0.7792946928943477,0.4895969498910675
frozenset({23200}),frozenset({23199}),0.02536153680120872,0.03874379451759119,0.016835743578674726,0.6638297872340426,17.133835121199553,1.0,0.01585314140819837,2.8594330163084316,0.9661387130936461,0.35616438356164387,0.6502803198058424,0.5491850886030938
frozenset({23200}),frozenset({23203}),0.02536153680120872,0.05827757392618174,0.014623354198143751,0.5765957446808511,9.893955870764382,1.0,0.013145345362329731,2.22416854399344,0.9223196362181759,0.21188428459734165,0.5503937852638972,0.4137608353033885
frozenset({23200}),frozenset({23202}),0.02536153680120872,0.04165767321390028,0.012950571983595942,0.5106382978723404,12.257964943225664,1.0,0.011894069371328883,1.9583517112585516,0.9423190492009005,0.23952095808383236,0.4893664941537281,0.4107595634439422
"frozenset({23200, 23203})",frozenset({23199}),0.014623354198143751,0.03874379451759119,0.010468379020073387,0.7158671586715868,18.476950117690595,1.0,0.009901814789862552,3.383122489425102,0.9599157011421445,0.24402515723270446,0.7044150771585184,0.4930310723720051
"frozenset({23200, 23199})",frozenset({23203}),0.016835743578674726,0.05827757392618174,0.010468379020073387,0.6217948717948718,10.669539411206078,1.0,0.009487232729064932,2.489977940127384,0.9217943349893059,0.16193656093489148,0.5983900162790835,0.4007122507122507
"frozenset({23203, 23199})",frozenset({23200}),0.01737535074465789,0.02536153680120872,0.010468379020073387,0.6024844720496895,23.755834544733712,1.0,0.010027713422728837,2.4518248839844596,0.9748433227466499,0.32441471571906355,0.5921405290679241,0.507625214748249
frozenset({23202}),frozenset({23203}),0.04165767321390028,0.05827757392618174,0.02309518670407943,0.5544041450777203,9.513164459796585,1.0,0.020667478573763637,2.1134003282819416,0.9337816788751367,0.300561797752809,0.526828880161604,0.4753502206870083
"frozenset({'85099B', 23202})",frozenset({23203}),0.018616447226419166,0.05827757392618174,0.012195121951219513,0.655072463768116,11.240558239398819,1.0,0.01111020057173901,2.730203672230818,0.9283184380947006,0.1884904086738949,0.6337269595777404,0.43216586151368763
"frozenset({23202, 23203})",frozenset({'85099B'}),0.02309518670407943,0.08633714655730629,0.012195121951219513,0.5280373831775701,6.115992990654205,1.0,0.010201149431981055,1.9358797092746183,0.85626996820729,0.12541620421753608,0.4834389785640638,0.33464369158878504
"frozenset({23209, 23202})",frozenset({23203}),0.013382257716382474,0.05827757392618174,0.011115907619253183,0.8306451612903225,14.253255675029866,1.0,0.010336022105887487,5.560646706340639,0.9424527360119622,0.18360071301247768,0.8201648022594692,0.5106929510155316
frozenset({23173}),frozenset({22699}),0.019102093675804014,0.04225124109648176,0.01025253615368012,0.5367231638418078,12.703133681119263,1.0,0.009445448988336146,2.067335735681984,0.9392203415348803,0.20063357972544876,0.5162856314336798,0.38968980669740455
frozenset({23173}),frozenset({22423}),0.019102093675804014,0.09189510036693287,0.010468379020073387,0.5480225988700566,5.9635671181796175,1.0,0.008712990204516824,2.0091820904381614,0.8485237054420605,0.10413311862587227,0.5022850319246472,0.3309696083017341
frozenset({23170}),frozenset({22699}),0.017699115044247787,0.04225124109648176,0.01025253615368012,0.5792682926829268,13.710089399744572,1.0,0.00950472657675124,2.2763883544953187,0.9437648174490281,0.2062975027144408,0.5607076455011548,0.410962371117964
frozenset({23173}),frozenset({23175}),0.019102093675804014,0.014677314914742067,0.010360457586876754,0.5423728813559322,36.953140578265206,1.0,0.010080090142466075,2.153112534075193,0.9918857960171636,0.44239631336405527,0.5355560918558672,0.6241276171485544
frozenset({23175}),frozenset({23173}),0.014677314914742067,0.019102093675804014,0.010360457586876754,0.7058823529411765,36.953140578265206,1.0,0.010080090142466075,3.335052881502267,0.9874315443592553,0.44239631336405527,0.7001546795415273,0.6241276171485544
frozenset({23170}),frozenset({23171}),0.017699115044247787,0.014569393481545435,0.012357004101014462,0.6981707317073171,47.92037037037037,1.0,0.012099138729659675,3.2648609993742745,0.9967740666430623,0.6205962059620597,0.6937082466323514,0.7731594399277326
frozenset({23171}),frozenset({23170}),0.014569393481545435,0.017699115044247787,0.012357004101014462,0.8481481481481482,47.92037037037037,1.0,0.012099138729659675,6.468810705806176,0.9936083183205731,0.6205962059620597,0.8454120787454121,0.7731594399277326
frozenset({23174}),frozenset({23175}),0.014461472048348802,0.014677314914742067,0.011115907619253183,0.7686567164179104,52.37039069359087,1.0,0.010903652039868827,4.259136767787889,0.9952987254889453,0.6167664670658682,0.7652106390282977,0.7630048287971904
frozenset({23175}),frozenset({23174}),0.014677314914742067,0.014461472048348802,0.011115907619253183,0.7573529411764706,52.37039069359087,1.0,0.010903652039868827,4.061613327315896,0.9955167536873,0.6167664670658682,0.7537924170982453,0.7630048287971904
frozenset({23173}),frozenset({23174}),0.019102093675804014,0.014461472048348802,0.010576300453270019,0.5536723163841808,38.286027489670296,1.0,0.010300056059512439,2.2081053094612946,0.9928462528151321,0.460093896713615,0.5471230490161869,0.6425077999831352
frozenset({23174}),frozenset({23173}),0.014461472048348802,0.019102093675804014,0.010576300453270019,0.7313432835820896,38.286027489670296,1.0,0.010300056059512439,3.651119984651174,0.9881712211822968,0.460093896713615,0.726111438625992,0.6425077999831352
frozenset({23171}),frozenset({23172}),0.014569393481545435,0.01208720051802288,0.010900064752859918,0.7481481481481481,61.89589947089947,1.0,0.010723961572422502,3.922594939119614,0.9983897743623885,0.6917808219178081,0.745066718455401,0.8249669312169312
frozenset({23172}),frozenset({23171}),0.01208720051802288,0.014569393481545435,0.010900064752859918,0.9017857142857143,61.89589947089947,1.0,0.010723961572422502,10.033475266369722,0.9958812573413777,0.6917808219178081,0.9003336358089398,0.8249669312169312
frozenset({23170}),frozenset({23172}),0.017699115044247787,0.01208720051802288,0.010630261169868337,0.6006097560975611,49.68973214285715,1.0,0.010416328417336957,2.4735526582449507,0.9975305254493072,0.5549295774647888,0.5957231811230064,0.7400370209059235
frozenset({23172}),frozenset({23170}),0.01208720051802288,0.017699115044247787,0.010630261169868337,0.8794642857142858,49.689732142857146,1.0,0.010416328417336957,8.149459193706987,0.991863976692112,0.5549295774647888,0.8772924710424711,0.7400370209059235
frozenset({23300}),frozenset({23301}),0.03426505503993093,0.04079430174832722,0.024983811785020505,0.7291338582677166,17.87342415531392,1.0,0.02358599279029852,3.5412535952896067,0.9775467032313897,0.4989224137931034,0.7176141236170862,0.6707838603507895
frozenset({23301}),frozenset({23300}),0.04079430174832722,0.03426505503993093,0.024983811785020505,0.6124338624338624,17.87342415531392,1.0,0.02358599279029852,2.4917939194191545,0.984200795889524,0.4989224137931034,0.5986827031694887,0.6707838603507895
frozenset({23243}),frozenset({22720}),0.020774875890351825,0.06183898122167062,0.011547593352039715,0.5558441558441558,8.988572335169193,1.0,0.010262896191973712,2.1122338726880514,0.907602966222372,0.16249050873196658,0.5265675771370008,0.37129031526937284
frozenset({23322}),frozenset({23321}),0.027573926181739695,0.03140513706022016,0.015162961364126915,0.5499021526418786,17.50994277106408,1.0,0.014296998433100987,2.1519651085314235,0.9696259859740544,0.34605911330049255,0.5353084508500999,0.5163600110288431
frozenset({23343}),frozenset({23344}),0.020774875890351825,0.031620979926613425,0.013220375566587525,0.6363636363636364,20.12472851380701,1.0,0.012563453633080824,2.663042305201813,0.9704713097009344,0.33746556473829203,0.6244896305076847,0.5272261867825008
frozenset({23293}),frozenset({23295}),0.025091733218217137,0.019371897258795595,0.01327433628318584,0.5290322580645161,27.309264084823436,1.0,0.01278826180523743,2.0821555606148863,0.988177474900337,0.42560553633217996,0.5197284876713594,0.6071345134333723
frozenset({23295}),frozenset({23293}),0.019371897258795595,0.025091733218217137,0.01327433628318584,0.6852367688022285,27.30926408482344,1.0,0.01278826180523743,3.0972749360589393,0.9824136047446427,0.42560553633217996,0.6771355399038522,0.6071345134333723
frozenset({23296}),frozenset({23293}),0.01721346859486294,0.025091733218217137,0.011601554068638031,0.6739811912225705,26.8606869585735,1.0,0.01116963830689557,2.990343625994122,0.9796337653018097,0.37785588752196836,0.6655902715302306,0.5681733913102099
frozenset({23296}),frozenset({23295}),0.01721346859486294,0.019371897258795595,0.01025253615368012,0.5956112852664577,30.74615136088578,1.0,0.00991907860859293,2.424964068018947,0.9844209023629739,0.38934426229508196,0.5876227556571834,0.5624295980649837
frozenset({23295}),frozenset({23296}),0.019371897258795595,0.01721346859486294,0.01025253615368012,0.5292479108635098,30.746151360885776,1.0,0.00991907860859293,2.0876944661209715,0.9865876792349553,0.38934426229508196,0.521002705985975,0.5624295980649837
frozenset({23294}),frozenset({23293}),0.01570256853011008,0.025091733218217137,0.010900064752859918,0.6941580756013745,27.664811735579942,1.0,0.010506060092461623,3.187621411612346,0.9792294151842682,0.3646209386281588,0.686286459126843,0.564283338875956
frozenset({23294}),frozenset({23295}),0.01570256853011008,0.019371897258795595,0.01041441830347507,0.6632302405498282,34.23672094114043,1.0,0.01011022975921058,2.911865080588678,0.9862787042683836,0.4223194748358862,0.6565774950679257,0.6004173486871703
frozenset({23295}),frozenset({23294}),0.019371897258795595,0.01570256853011008,0.01041441830347507,0.5376044568245125,34.23672094114043,1.0,0.01011022975921058,2.1286914331186173,0.9899691765013804,0.4223194748358862,0.5302278270857884,0.6004173486871703
frozenset({23439}),frozenset({22865}),0.020019425857975393,0.030865529894236996,0.010954025469458234,0.5471698113207547,17.727536614329065,1.0,0.010336115282173434,2.140171954816893,0.9628666202111763,0.27432432432432435,0.5327478253561373,0.4510324581079298
